141	BHSA
232	WLC
233	WLC
246	WLC
273	WLC
396	BHSA
467	WLC
487	WLC
528	BHSA
545	BHSA
546	BHSA
547	BHSA
567	BHSA｜BHSA
654	BHSA
670	BHSA
679	BHSA
716	BHSA
726	BHSA
776	BHSA
779	BHSA
780	BHSA
781	BHSA
784	BHSA
857	WLC
892	BHSA
921	BHSA
979	BHSA
1020	BHSA
1021	BHSA
1038	BHSA
1388	BHSA
1392	BHSA
1402	BHSA
1604	BHSA
1813	BHSA
2086	WLC
2225	WLC
2346	WLC｜WLC
2621	WLC
2816	WLC
2979	WLC
3019	WLC｜WLC
3020	WLC
3030	WLC
3031	WLC
3111	WLC
3243	WLC
3392	WLC
3459	WLC
3500	WLC
3501	WLC
3514	WLC
3515	WLC
3568	WLC｜WLC
4012	WLC
4202	WLC
4210	WLC｜WLC
4282	WLC
4552	WLC
4555	WLC
4760	BHSA
4816	WLC
4922	WLC
4959	BHSA
4990	BHSA
4996	WLC
5117	WLC
5130	WLC
5303	WLC
5403	WLC
5424	WLC
5429	WLC
5456	WLC
5472	WLC
5475	WLC
5504	WLC
5553	WLC
5667	WLC
5729	WLC
5746	WLC
5765	WLC
5779	WLC
5813	BHSA
5982	WLC
6030	WLC
6045	WLC
6073	WLC｜WLC
6085	WLC
6122	WLC
6128	WLC
6171	WLC
6181	BHSA
6205	WLC
6210	WLC
6211	WLC
6231	BHSA
6235	WLC
6310	WLC
6311	WLC
6318	BHSA
6331	WLC
6335	BHSA｜BHSA
6355	WLC
6368	BHSA
6369	WLC
6392	WLC
6393	WLC
6477	WLC
6545	WLC
6575	WLC
6584	BHSA
6602	WLC
6613	WLC
6616	WLC
6631	BHSA｜BHSA
6666	BHSA
6672	BHSA
6679	BHSA
6707	BHSA
6733	WLC
6746	BHSA
6752	BHSA
6801	WLC
6816	WLC
6863	WLC
6910	WLC
6929	WLC
6947	BHSA
6949	BHSA
6975	WLC
7041	BHSA
7056	BHSA
7185	WLC
7197	WLC
7214	BHSA
7244	WLC
7257	BHSA
7290	WLC
7297	BHSA
7346	BHSA
7350	BHSA
7372	BHSA
7413	BHSA
7597	BHSA
7614	BHSA
7655	WLC
7677	BHSA
7733	BHSA
7782	BHSA
7803	WLC
7839	BHSA
7996	WLC
8006	BHSA
8080	WLC
8092	BHSA
8211	BHSA
8223	WLC
8348	WLC
8407	BHSA
8438	BHSA
8445	WLC
8461	BHSA
8499	BHSA
8528	BHSA
8569	BHSA
8570	BHSA
8583	WLC
8588	WLC
8597	BHSA
8600	BHSA｜BHSA
8695	BHSA
8696	WLC｜WLC
8699	BHSA
8700	BHSA
8705	WLC
8708	BHSA
8779	BHSA
8853	BHSA
8854	BHSA｜BHSA
8855	BHSA
8856	BHSA
8858	BHSA
8870	BHSA
8963	WLC
9242	WLC
9318	BHSA
9348	WLC
9365	WLC
9375	BHSA｜BHSA｜BHSA｜BHSA｜BHSA｜BHSA｜BHSA｜BHSA｜BHSA｜BHSA
9376	WLC｜WLC｜WLC｜WLC｜WLC｜WLC｜WLC｜WLC｜WLC｜WLC
9382	WLC
9390	WLC
9391	BHSA
9411	BHSA｜BHSA｜BHSA｜BHSA
9412	WLC｜WLC｜WLC｜WLC
9432	WLC
9434	WLC
9494	WLC
9498	WLC
9502	WLC｜WLC｜WLC｜WLC
9503	BHSA｜BHSA｜BHSA｜BHSA
9536	BHSA
9537	BHSA
9540	BHSA
9550	BHSA
9576	WLC
9601	WLC
9666	WLC
9698	WLC
9718	WLC
9738	WLC
9742	BHSA｜BHSA
9784	WLC｜WLC
9806	WLC｜WLC
9808	WLC
9834	WLC
9852	BHSA
9981	BHSA
10016	WLC｜WLC
10042	BHSA
10052	BHSA
10174	BHSA
10185	WLC
10195	BHSA
10199	BHSA
10200	BHSA
10201	BHSA
10331	BHSA
10359	WLC
10398	BHSA
10414	BHSA
10418	WLC
10428	WLC
10449	BHSA
10509	WLC
10510	WLC
10644	WLC
10645	WLC
10694	WLC
10729	BHSA｜BHSA
10735	BHSA
10736	BHSA｜BHSA｜BHSA
10737	BHSA
10738	BHSA｜BHSA｜BHSA
10739	BHSA｜BHSA
10740	BHSA｜BHSA｜BHSA｜BHSA｜BHSA
10741	BHSA｜BHSA
10742	BHSA｜BHSA｜BHSA
10743	BHSA｜BHSA｜BHSA
10744	BHSA｜BHSA
10748	BHSA
10752	BHSA
10753	BHSA
10755	BHSA
10759	BHSA｜BHSA
10760	BHSA｜BHSA
10761	BHSA
10789	WLC
10901	WLC
10914	WLC
10931	BHSA
10937	BHSA
10938	WLC
11018	WLC
11122	BHSA
11137	BHSA
11230	WLC
11308	WLC
11376	WLC
11412	WLC
11445	WLC
11489	WLC
11555	WLC
11581	BHSA
11589	BHSA
11623	BHSA
11628	WLC
11660	WLC
11679	BHSA
11682	BHSA
11718	WLC
11722	BHSA
11747	WLC
11768	WLC
11773	WLC
11831	BHSA
11833	BHSA
11915	WLC
11940	WLC
11981	WLC｜WLC
12103	BHSA
12113	WLC｜WLC
12125	WLC
12146	BHSA
12160	BHSA
12166	BHSA
12172	WLC
12188	WLC
12191	WLC
12222	BHSA
12227	WLC
12240	WLC
12256	WLC
12297	WLC
12318	WLC
12362	WLC
12395	WLC
12398	WLC
12415	WLC
12510	WLC
12524	WLC
12581	WLC
12616	BHSA
12619	BHSA
12654	WLC｜WLC
12697	WLC
12701	WLC
12730	BHSA
12752	WLC
12791	WLC
12857	WLC
12920	WLC
13000	WLC
13082	BHSA
13169	WLC
13567	WLC
13582	WLC
13644	WLC
13746	WLC
13795	BHSA
13871	BHSA
13901	WLC
13938	WLC
13997	BHSA
14023	BHSA
14042	WLC
14052	BHSA
14223	WLC
14304	WLC｜WLC｜WLC
14553	WLC
14606	WLC
14748	BHSA
14770	BHSA
14781	BHSA
14792	BHSA
14809	BHSA
14924	BHSA
14947	WLC
15055	BHSA
15073	BHSA
15139	WLC
15143	WLC
15200	BHSA
15251	WLC
15355	WLC
15508	WLC
15512	WLC
15580	WLC
15600	WLC
15651	WLC
15653	BHSA
15663	WLC
15667	WLC
15678	WLC
15686	WLC
15688	WLC
15696	WLC
15697	WLC
15706	WLC
15713	WLC
15719	WLC
15728	WLC
15781	WLC
15836	WLC｜WLC
16093	BHSA
16094	BHSA
16101	BHSA
16103	BHSA
16104	BHSA
16105	BHSA
16109	BHSA
16127	WLC
16139	BHSA
16140	BHSA
16172	BHSA
16173	BHSA
16178	BHSA
16184	BHSA
16186	BHSA
16192	WLC｜WLC
16193	WLC
16220	BHSA
16231	BHSA｜BHSA
16232	BHSA
16256	WLC
16321	BHSA｜BHSA
16336	WLC
16345	BHSA
16347	BHSA
16423	WLC
16933	WLC
17021	WLC
17069	WLC
17144	WLC
17319	BHSA
17323	BHSA
17325	BHSA｜BHSA｜BHSA｜BHSA
17326	BHSA
17327	BHSA
17330	BHSA
17333	BHSA
17340	WLC
17341	BHSA
17343	BHSA
17344	WLC
17345	BHSA｜BHSA
17346	BHSA
17347	BHSA
17348	BHSA
17349	BHSA
17350	BHSA
17351	BHSA
17352	BHSA｜BHSA｜BHSA
17353	BHSA｜BHSA
17354	BHSA
17355	BHSA｜BHSA
17356	BHSA
17358	BHSA
17360	BHSA
17373	BHSA
17374	BHSA
17375	BHSA
17382	BHSA
17384	BHSA
17391	WLC
17392	BHSA
17403	BHSA
17413	BHSA｜BHSA
17414	BHSA｜BHSA
17416	BHSA
17421	BHSA
17428	BHSA｜BHSA
17440	BHSA
17444	BHSA
17454	BHSA
17466	BHSA
17473	BHSA｜BHSA
17481	BHSA
17482	WLC
17488	BHSA
17497	BHSA
17499	BHSA
17508	BHSA
17510	BHSA
17511	BHSA
17517	BHSA
17522	BHSA
17527	BHSA
17531	BHSA
17533	BHSA
17544	BHSA｜BHSA｜BHSA
17545	BHSA｜BHSA
17550	BHSA
17562	BHSA
17568	WLC
17572	BHSA
17573	BHSA
17574	BHSA
17575	BHSA
17576	BHSA｜BHSA｜BHSA
17577	BHSA
17579	BHSA
17583	BHSA
17584	BHSA
17585	BHSA｜BHSA
17589	BHSA
17601	BHSA
17607	BHSA
17608	BHSA
17620	BHSA｜BHSA
17621	BHSA｜BHSA
17645	BHSA
17649	BHSA
17653	BHSA
17714	WLC
17717	WLC
17723	BHSA
17816	BHSA
17833	WLC
17836	BHSA
17880	BHSA
17962	WLC
17966	WLC
18000	BHSA
18005	BHSA
18178	WLC
18224	WLC
18321	WLC｜WLC
18343	BHSA
18549	WLC
18551	WLC
18558	WLC
18606	WLC
18642	WLC
18772	WLC
18774	WLC
18809	WLC
18867	WLC
18875	WLC
18876	WLC
18887	BHSA
18927	WLC
18942	WLC
18944	WLC
19022	WLC
19057	WLC
19066	WLC
19119	BHSA
19151	WLC
19152	WLC
19167	WLC
19207	WLC
19213	BHSA
19220	WLC
19232	WLC
19244	WLC
19247	WLC
19277	WLC
19310	WLC
19324	WLC
19343	WLC｜WLC
19388	BHSA
19405	WLC
19410	WLC
19414	WLC
19426	BHSA
19429	WLC
19435	WLC
19497	WLC
19535	WLC
19545	WLC
19658	WLC
19677	WLC
19687	WLC
19767	WLC
19782	WLC
19810	WLC
19912	WLC
19923	WLC
19927	BHSA｜BHSA
19936	WLC
19937	BHSA｜BHSA
19975	BHSA
20011	BHSA
20039	WLC
20041	BHSA
20048	BHSA
20066	BHSA
20069	WLC
20090	WLC
20115	WLC
20157	WLC
20216	WLC
20256	WLC
20348	BHSA
20349	BHSA
20420	WLC｜WLC
20424	WLC
20425	WLC
20430	BHSA
20461	BHSA
20483	WLC｜WLC
20499	WLC
20551	WLC
20589	WLC
20600	WLC
20611	BHSA
20634	BHSA
20697	WLC
20727	WLC
20736	BHSA
20810	WLC
20815	WLC
20864	WLC
21007	WLC
21025	WLC
21030	WLC
21036	WLC
21051	BHSA
21059	WLC
21082	WLC
21194	WLC
21211	WLC
21287	WLC
21365	WLC
21460	BHSA
21464	BHSA
21472	WLC
21473	WLC
21477	WLC
21478	WLC
21636	WLC
21673	WLC
21696	BHSA
21719	WLC
21745	WLC
21758	WLC
21762	WLC
21767	WLC
21769	WLC
21771	WLC
21783	WLC
21792	BHSA
21799	WLC
21801	BHSA
21815	WLC
21816	WLC
21830	WLC
21837	WLC
21856	WLC
21863	BHSA
21871	BHSA
21887	WLC
21896	BHSA
21897	WLC
21909	WLC
21915	WLC
21916	WLC
21928	WLC
21971	WLC
22061	WLC
22101	BHSA
22105	WLC｜WLC
22119	WLC
22129	WLC｜WLC
22159	WLC
22168	WLC
22192	WLC｜WLC
22207	WLC
22221	WLC
22310	WLC
22370	WLC｜WLC
22429	BHSA
22452	WLC
22456	WLC
22464	WLC
22496	BHSA
22511	WLC
22522	WLC
22539	BHSA
22542	WLC
22569	WLC
22579	BHSA
22590	BHSA
22613	WLC
22629	WLC
22700	WLC
22721	WLC
22816	WLC
23018	WLC
23090	WLC
23103	BHSA
23140	WLC
